No.,Channel Name,Receive Frequency,Transmit Frequency,Channel Type,Transmit Power,Band Width,CTCSS/DCS Decode,CTCSS/DCS Encode,Contact,Contact Call Type,Contact TG/DMR ID,Radio ID,Busy Lock/TX Permit,Squelch Mode,Optional Signal,DTMF ID,2Tone ID,5Tone ID,PTT ID,Color Code,Slot,Scan List,Receive Group List,PTT Prohibit,Reverse,Simplex TDMA,Slot Suit,AES Digital Encryption,Digital Encryption,Call Confirmation,Talk Around(Simplex),Work Alone,Custom CTCSS,2TONE Decode,Ranging,Through Mode,Digi APRS RX,Analog APRS PTT Mode,Digital APRS PTT Mode,APRS Report Type,Digital APRS Report Channel,Correct Frequency[Hz],SMS Confirmation,Exclude channel from roaming,DMR MODE,DataACK Disable,R5toneBot,R5ToneEot,Auto Scan,Ana Aprs Mute,Send Talker Alias,AnaAprsTxPath,ARC4,ex_emg_kind
1,DB0XYZ TS1 DL,438.50000,430.90000,D-Digital,High,12.5K,Off,Off,DL,Group Call,262,DL0EXAMPLE,ChannelFree,Carrier,Off,1,1,1,Off,1,1,Heimat,DL Standard,Off,Off,Off,Off,Normal Encryption,Off,Off,Off,Off,251.1,0,Off,Off,Off,Off,Off,Off,1,0,Off,0,,0,0,0,0,0,0,0,0,0
2,DB0XYZ TS2 Ort,438.50000,430.90000,D-Digital,High,12.5K,Off,Off,Ortsrunde,Group Call,8,DL0EXAMPLE,ChannelFree,Carrier,Off,1,1,1,Off,1,2,Heimat,DL Standard,Off,Off,Off,Off,Normal Encryption,Off,Off,Off,Off,251.1,0,Off,Off,Off,Off,Off,Off,1,0,Off,0,,0,0,0,0,0,0,0,0,0
3,DB0ABC TS1 Welt,439.48750,431.88750,D-Digital,High,12.5K,Off,Off,Welt,Group Call,91,DL0EXAMPLE,ChannelFree,Carrier,Off,1,1,1,Off,1,1,Heimat,DL Standard,Off,Off,Off,Off,Normal Encryption,Off,Off,Off,Off,251.1,0,Off,Off,Off,Off,Off,Off,1,0,Off,0,,0,0,0,0,0,0,0,0,0
4,DB0ABC TS2 Lokal,439.48750,431.88750,D-Digital,High,12.5K,Off,Off,Lokal 9,Group Call,9,DL0EXAMPLE,ChannelFree,Carrier,Off,1,1,1,Off,1,2,Heimat,DL Standard,Off,Off,Off,Off,Normal Encryption,Off,Off,Off,Off,251.1,0,Off,Off,Off,Off,Off,Off,1,0,Off,0,,0,0,0,0,0,0,0,0,0
5,Simplex S0,433.45000,433.45000,D-Digital,High,12.5K,Off,Off,Lokal 9,Group Call,9,DL0EXAMPLE,ChannelFree,Carrier,Off,1,1,1,Off,1,1,Heimat,DL Standard,Off,Off,Off,Off,Normal Encryption,Off,Off,Off,Off,251.1,0,Off,Off,Off,Off,Off,Off,1,0,Off,0,,0,0,0,0,0,0,0,0,0
6,DB0FM 70cm,438.70000,431.10000,A-Analog,High,12.5K,Off,88.5,,Group Call,,,Always,CTCSS/DCS,Off,1,1,1,Off,1,1,Heimat,None,Off,Off,Off,Off,Normal Encryption,Off,Off,Off,Off,251.1,0,Off,Off,Off,Off,Off,Off,1,0,Off,0,,0,0,0,0,0,0,0,0,0
7,DB0FM 2m,145.61250,145.01250,A-Analog,High,12.5K,Off,67.0,,Group Call,,,Always,CTCSS/DCS,Off,1,1,1,Off,1,1,Heimat,None,Off,Off,Off,Off,Normal Encryption,Off,Off,Off,Off,251.1,0,Off,Off,Off,Off,Off,Off,1,0,Off,0,,0,0,0,0,0,0,0,0,0
8,S20 Simplex,145.31250,145.31250,A-Analog,High,12.5K,Off,Off,,Group Call,,,Always,Carrier,Off,1,1,1,Off,1,1,Heimat,None,Off,Off,Off,Off,Normal Encryption,Off,Off,Off,Off,251.1,0,Off,Off,Off,Off,Off,Off,1,0,Off,0,,0,0,0,0,0,0,0,0,0
9,Hochrhein Relais,145.73750,145.13750,A-Analog,High,12.5K,Off,123.0,,Group Call,,,Always,CTCSS/DCS,Off,1,1,1,Off,1,1,Heimat,None,Off,Off,Off,Off,Normal Encryption,Off,Off,Off,Off,251.1,0,Off,Off,Off,Off,Off,Off,1,0,Off,0,,0,0,0,0,0,0,0,0,0
